phase,run,modality,pooling,fusion,loss,best_dev_weighted_f1,best_epoch,epochs_run,early_stopped,checkpoint_written,lr,batch_size,train_size,dev_size,seed,dev_key_hash,max_frames,lambda_sentiment,total_params
phase0_lr_batch,asr_lr1e-3_bs32,both,attention,concat,weighted,0.502080515848597,3,7,True,True,0.001,32,9988,1108,42,1d9f866342c4,1500,1.0,2006794
phase0_lr_batch,asr_lr5e-4_bs32,both,attention,concat,weighted,0.4968568971473338,7,11,True,True,0.0005,32,9988,1108,42,1d9f866342c4,1500,1.0,2006794
phase0_lr_batch,asr_lr1e-3_bs64,both,attention,concat,weighted,0.4909404675723897,3,7,True,True,0.001,64,9988,1108,42,1d9f866342c4,1500,1.0,2006794
phase0_lr_batch,asr_lr2e-4_bs32,both,attention,concat,weighted,0.48664739799901363,6,10,True,True,0.0002,32,9988,1108,42,1d9f866342c4,1500,1.0,2006794
phase0_lr_batch,asr_lr5e-4_bs64,both,attention,concat,weighted,0.48443101509528597,3,7,True,True,0.0005,64,9988,1108,42,1d9f866342c4,1500,1.0,2006794
phase0_lr_batch,asr_lr2e-4_bs64,both,attention,concat,weighted,0.4814222152416705,5,9,True,True,0.0002,64,9988,1108,42,1d9f866342c4,1500,1.0,2006794
phase1_pooling,acoustic_attention,acoustic,attention,concat,weighted,0.5043518408040323,3,7,True,True,0.001,32,9988,1108,42,1d9f866342c4,1500,1.0,1349898
phase1_pooling,acoustic_attentive_stats,acoustic,attentive_stats,concat,weighted,0.4809038891339209,7,11,True,True,0.001,32,9988,1108,42,1d9f866342c4,1500,1.0,2005258
phase1_pooling,acoustic_masked_mean,acoustic,masked_mean,concat,weighted,0.467088306487557,4,8,True,True,0.001,32,9988,1108,42,1d9f866342c4,1500,1.0,1185802
phase1_pooling,acoustic_attention_fixed,acoustic,attention_fixed,concat,weighted,0.46031618534299223,1,5,True,True,0.001,32,9988,1108,42,1d9f866342c4,1500,1.0,1185802
phase2_textonly,gold,text,masked_mean,concat,weighted,0.5619766725600563,4,8,True,True,0.001,32,9988,1108,42,1d9f866342c4,1500,1.0,923658
phase2_textonly,asr_cleaned,text,masked_mean,concat,weighted,0.46969142493333604,2,6,True,True,0.001,32,6729,1108,42,1d9f866342c4,1500,1.0,923658
phase2_textonly,asr,text,masked_mean,concat,weighted,0.45485181704071387,2,6,True,True,0.001,32,9988,1108,42,1d9f866342c4,1500,1.0,923658
phase3_fusion,gold_sum,both,attention,sum,weighted,0.5651665820359264,3,7,True,True,0.001,32,9988,1108,42,1d9f866342c4,1500,1.0,1744650
phase3_fusion,gold_crossmodal,both,attention,crossmodal,weighted,0.5636751566420255,4,8,True,True,0.001,32,9988,1108,42,1d9f866342c4,1500,1.0,2269962
phase3_fusion,gold_gated,both,attention,gated,weighted,0.562079634534244,2,6,True,True,0.001,32,9988,1108,42,1d9f866342c4,1500,1.0,2269450
phase3_fusion,gold_concat,both,attention,concat,weighted,0.5616770391198125,0,4,True,True,0.001,32,9988,1108,42,1d9f866342c4,1500,1.0,2006794
phase3_fusion,asr_concat,both,attention,concat,weighted,0.502080515848597,3,7,True,True,0.001,32,9988,1108,42,1d9f866342c4,1500,1.0,2006794
phase3_fusion,asr_cleaned_sum,both,attention,sum,weighted,0.4934670356977829,6,10,True,True,0.001,32,6729,1108,42,1d9f866342c4,1500,1.0,1744650
phase3_fusion,asr_cleaned_gated,both,attention,gated,weighted,0.49209985601770834,8,12,True,True,0.001,32,6729,1108,42,1d9f866342c4,1500,1.0,2269450
phase3_fusion,asr_sum,both,attention,sum,weighted,0.4866362665367146,3,7,True,True,0.001,32,9988,1108,42,1d9f866342c4,1500,1.0,1744650
phase3_fusion,asr_cleaned_crossmodal,both,attention,crossmodal,weighted,0.4864992377318278,2,6,True,True,0.001,32,6729,1108,42,1d9f866342c4,1500,1.0,2269962
phase3_fusion,asr_crossmodal,both,attention,crossmodal,weighted,0.4834539574848525,3,7,True,True,0.001,32,9988,1108,42,1d9f866342c4,1500,1.0,2269962
phase3_fusion,asr_gated,both,attention,gated,weighted,0.4804923158792778,3,7,True,True,0.001,32,9988,1108,42,1d9f866342c4,1500,1.0,2269450
phase3_fusion,asr_cleaned_concat,both,attention,concat,weighted,0.4751527877024936,2,6,True,True,0.001,32,6729,1108,42,1d9f866342c4,1500,1.0,2006794
