condition,arm,best_dev_weighted_f1,best_epoch,epochs_run,early_stopped,use_acoustic_lstm,use_text_lstm,fusion,lstm_hidden,lr,batch_size,seed,dev_key_hash,filter_enabled,total_params
asr,acoustic_only,0.5165695787044023,14,20,True,True,False,concat,256,0.0001,16,42,72c2797a81a4,False,4339210
asr,acoustic_only_k0,0.5021608568214416,4,10,True,True,False,concat,256,0.0001,16,42,72c2797a81a4,False,4339210
asr,acoustic_only_k1,0.5015016753377611,4,10,True,True,False,concat,256,0.0001,16,42,72c2797a81a4,False,4339210
asr,acoustic_only_k2,0.5021996442216601,2,8,True,True,False,concat,256,0.0001,16,42,72c2797a81a4,False,4339210
asr,acoustic_only_k4,0.5055511882483052,2,8,True,True,False,concat,256,0.0001,16,42,72c2797a81a4,False,4339210
asr,both,0.5081321460620978,8,14,True,True,True,concat,256,0.0001,16,42,72c2797a81a4,False,6309386
asr,both_k0,0.5051999653361962,4,10,True,True,True,concat,256,0.0001,16,42,72c2797a81a4,False,6309386
asr,both_k1,0.49377667084282273,2,8,True,True,True,concat,256,0.0001,16,42,72c2797a81a4,False,6309386
asr,both_k2,0.4970341690414784,2,8,True,True,True,concat,256,0.0001,16,42,72c2797a81a4,False,6309386
asr,both_k4,0.4916531578739451,4,10,True,True,True,concat,256,0.0001,16,42,72c2797a81a4,False,6309386
asr,neither,0.5010173617834832,10,16,True,False,False,concat,256,0.0001,16,42,72c2797a81a4,False,1582602
asr,text_only,0.5068405807916422,12,18,True,False,True,concat,256,0.0001,16,42,72c2797a81a4,False,3552778
asr,text_only_k0,0.4946268406328375,2,8,True,False,True,concat,256,0.0001,16,42,72c2797a81a4,False,3552778
asr,text_only_k1,0.5020179983201198,5,11,True,False,True,concat,256,0.0001,16,42,72c2797a81a4,False,3552778
asr,text_only_k2,0.49648488776499566,5,11,True,False,True,concat,256,0.0001,16,42,72c2797a81a4,False,3552778
asr,text_only_k4,0.4971593849220559,5,11,True,False,True,concat,256,0.0001,16,42,72c2797a81a4,False,3552778
asr_cleaned,acoustic_only,0.5127392397056018,10,16,True,True,False,concat,256,0.0001,16,42,72c2797a81a4,True,4339210
asr_cleaned,acoustic_only_k0,0.5071729298661287,6,12,True,True,False,concat,256,0.0001,16,42,72c2797a81a4,True,4339210
asr_cleaned,acoustic_only_k1,0.5033667442206361,4,10,True,True,False,concat,256,0.0001,16,42,72c2797a81a4,True,4339210
asr_cleaned,acoustic_only_k2,0.5073762645202542,4,10,True,True,False,concat,256,0.0001,16,42,72c2797a81a4,True,4339210
asr_cleaned,acoustic_only_k4,0.5074675052519882,6,12,True,True,False,concat,256,0.0001,16,42,72c2797a81a4,True,4339210
asr_cleaned,both,0.49992261029280016,4,10,True,True,True,concat,256,0.0001,16,42,72c2797a81a4,True,6309386
asr_cleaned,both_k0,0.5025929724951271,6,12,True,True,True,concat,256,0.0001,16,42,72c2797a81a4,True,6309386
asr_cleaned,both_k1,0.49786627748107565,6,12,True,True,True,concat,256,0.0001,16,42,72c2797a81a4,True,6309386
asr_cleaned,both_k2,0.498103347247288,5,11,True,True,True,concat,256,0.0001,16,42,72c2797a81a4,True,6309386
asr_cleaned,both_k4,0.5018417546821735,3,9,True,True,True,concat,256,0.0001,16,42,72c2797a81a4,True,6309386
asr_cleaned,neither,0.5079402149804232,8,14,True,False,False,concat,256,0.0001,16,42,72c2797a81a4,True,1582602
asr_cleaned,text_only,0.5023324250022424,14,20,True,False,True,concat,256,0.0001,16,42,72c2797a81a4,True,3552778
asr_cleaned,text_only_k0,0.508206202287267,9,15,True,False,True,concat,256,0.0001,16,42,72c2797a81a4,True,3552778
asr_cleaned,text_only_k1,0.5028156159877476,4,10,True,False,True,concat,256,0.0001,16,42,72c2797a81a4,True,3552778
asr_cleaned,text_only_k2,0.5047995425764275,4,10,True,False,True,concat,256,0.0001,16,42,72c2797a81a4,True,3552778
asr_cleaned,text_only_k4,0.5030889366179867,3,9,True,False,True,concat,256,0.0001,16,42,72c2797a81a4,True,3552778
attn_asr,acoustic_only_full,0.525732983003501,3,9,True,True,False,concat,256,0.0001,16,42,72c2797a81a4,False,2766346
attn_asr,acoustic_only_k0,0.5168232380497937,1,7,True,True,False,concat,256,0.0001,16,42,72c2797a81a4,False,2766346
attn_asr,acoustic_only_k1,0.5196045076526065,1,7,True,True,False,concat,256,0.0001,16,42,72c2797a81a4,False,2766346
attn_asr,acoustic_only_k2,0.5224259164977197,0,6,True,True,False,concat,256,0.0001,16,42,72c2797a81a4,False,2766346
attn_asr,acoustic_only_k4,0.5211079568138038,2,8,True,True,False,concat,256,0.0001,16,42,72c2797a81a4,False,2766346
attn_asr,both_full,0.5273218497026584,0,6,True,True,True,concat,256,0.0001,16,42,72c2797a81a4,False,4736522
attn_asr,both_k0,0.5174785353007899,1,7,True,True,True,concat,256,0.0001,16,42,72c2797a81a4,False,4736522
attn_asr,both_k1,0.5227071718099803,2,8,True,True,True,concat,256,0.0001,16,42,72c2797a81a4,False,4736522
attn_asr,both_k2,0.5236447182460304,0,6,True,True,True,concat,256,0.0001,16,42,72c2797a81a4,False,4736522
attn_asr,both_k4,0.5266847735078584,4,10,True,True,True,concat,256,0.0001,16,42,72c2797a81a4,False,4736522
attn_asr_cleaned,acoustic_only_full,0.5369795250165302,3,9,True,True,False,concat,256,0.0001,16,42,72c2797a81a4,True,2766346
attn_asr_cleaned,acoustic_only_k0,0.5260399014242335,2,8,True,True,False,concat,256,0.0001,16,42,72c2797a81a4,True,2766346
attn_asr_cleaned,acoustic_only_k1,0.5235004786115496,5,11,True,True,False,concat,256,0.0001,16,42,72c2797a81a4,True,2766346
attn_asr_cleaned,acoustic_only_k2,0.5246426013067678,5,11,True,True,False,concat,256,0.0001,16,42,72c2797a81a4,True,2766346
attn_asr_cleaned,acoustic_only_k4,0.5229218116294582,3,9,True,True,False,concat,256,0.0001,16,42,72c2797a81a4,True,2766346
attn_asr_cleaned,both_full,0.536424823684801,1,7,True,True,True,concat,256,0.0001,16,42,72c2797a81a4,True,4736522
attn_asr_cleaned,both_k0,0.5255705698519634,4,10,True,True,True,concat,256,0.0001,16,42,72c2797a81a4,True,4736522
attn_asr_cleaned,both_k1,0.5264431096506959,4,10,True,True,True,concat,256,0.0001,16,42,72c2797a81a4,True,4736522
attn_asr_cleaned,both_k2,0.5206701643242271,2,8,True,True,True,concat,256,0.0001,16,42,72c2797a81a4,True,4736522
attn_asr_cleaned,both_k4,0.5269360357863158,1,7,True,True,True,concat,256,0.0001,16,42,72c2797a81a4,True,4736522
attn_gold,acoustic_only_full,0.6083763490886216,4,10,True,True,False,concat,256,0.0001,16,42,72c2797a81a4,False,2766346
attn_gold,acoustic_only_k0,0.5957836702149137,6,12,True,True,False,concat,256,0.0001,16,42,72c2797a81a4,False,2766346
attn_gold,acoustic_only_k1,0.5993057998981051,4,10,True,True,False,concat,256,0.0001,16,42,72c2797a81a4,False,2766346
attn_gold,acoustic_only_k2,0.6051243192555288,0,6,True,True,False,concat,256,0.0001,16,42,72c2797a81a4,False,2766346
attn_gold,acoustic_only_k4,0.6047677621614457,4,10,True,True,False,concat,256,0.0001,16,42,72c2797a81a4,False,2766346
attn_gold,both_full,0.6147455760214878,2,8,True,True,True,concat,256,0.0001,16,42,72c2797a81a4,False,4736522
attn_gold,both_k0,0.5880394028020888,0,6,True,True,True,concat,256,0.0001,16,42,72c2797a81a4,False,4736522
attn_gold,both_k1,0.5947683382408451,3,9,True,True,True,concat,256,0.0001,16,42,72c2797a81a4,False,4736522
attn_gold,both_k2,0.5993997034329326,6,12,True,True,True,concat,256,0.0001,16,42,72c2797a81a4,False,4736522
attn_gold,both_k4,0.6048337983848788,4,10,True,True,True,concat,256,0.0001,16,42,72c2797a81a4,False,4736522
attnraw_asr,acoustic_only_full,0.5194765977207223,5,11,True,True,False,concat,256,0.0001,16,42,72c2797a81a4,False,4339210
attnraw_asr,acoustic_only_k0,0.4969596175101197,1,7,True,True,False,concat,256,0.0001,16,42,72c2797a81a4,False,4339210
attnraw_asr,acoustic_only_k1,0.5062567080134016,1,7,True,True,False,concat,256,0.0001,16,42,72c2797a81a4,False,4339210
attnraw_asr,acoustic_only_k2,0.5104356941160774,2,8,True,True,False,concat,256,0.0001,16,42,72c2797a81a4,False,4339210
attnraw_asr,acoustic_only_k4,0.5093341605718593,2,8,True,True,False,concat,256,0.0001,16,42,72c2797a81a4,False,4339210
attnraw_asr,both_full,0.5053774712145135,7,13,True,True,True,concat,256,0.0001,16,42,72c2797a81a4,False,6309386
attnraw_asr,both_k0,0.49202273031676697,2,8,True,True,True,concat,256,0.0001,16,42,72c2797a81a4,False,6309386
attnraw_asr,both_k1,0.49818084296820864,3,9,True,True,True,concat,256,0.0001,16,42,72c2797a81a4,False,6309386
attnraw_asr,both_k2,0.5059876662638171,1,7,True,True,True,concat,256,0.0001,16,42,72c2797a81a4,False,6309386
attnraw_asr,both_k4,0.5051562828631063,1,7,True,True,True,concat,256,0.0001,16,42,72c2797a81a4,False,6309386
attnraw_asr_cleaned,acoustic_only_full,0.504442371176675,3,9,True,True,False,concat,256,0.0001,16,42,72c2797a81a4,True,4339210
attnraw_asr_cleaned,acoustic_only_k0,0.508332045582941,3,9,True,True,False,concat,256,0.0001,16,42,72c2797a81a4,True,4339210
attnraw_asr_cleaned,acoustic_only_k1,0.5090447234959281,2,8,True,True,False,concat,256,0.0001,16,42,72c2797a81a4,True,4339210
attnraw_asr_cleaned,acoustic_only_k2,0.5126877401921,2,8,True,True,False,concat,256,0.0001,16,42,72c2797a81a4,True,4339210
attnraw_asr_cleaned,acoustic_only_k4,0.504590321137603,2,8,True,True,False,concat,256,0.0001,16,42,72c2797a81a4,True,4339210
attnraw_asr_cleaned,both_full,0.516034865719675,5,11,True,True,True,concat,256,0.0001,16,42,72c2797a81a4,True,6309386
attnraw_asr_cleaned,both_k0,0.5082568502737123,1,7,True,True,True,concat,256,0.0001,16,42,72c2797a81a4,True,6309386
attnraw_asr_cleaned,both_k1,0.5148335669274102,11,17,True,True,True,concat,256,0.0001,16,42,72c2797a81a4,True,6309386
attnraw_asr_cleaned,both_k2,0.5097437204723841,10,16,True,True,True,concat,256,0.0001,16,42,72c2797a81a4,True,6309386
attnraw_asr_cleaned,both_k4,0.5181149944252185,14,20,True,True,True,concat,256,0.0001,16,42,72c2797a81a4,True,6309386
attnraw_gold,acoustic_only_full,0.6068439804028638,12,18,True,True,False,concat,256,0.0001,16,42,72c2797a81a4,False,4339210
attnraw_gold,acoustic_only_k0,0.589823328352039,2,8,True,True,False,concat,256,0.0001,16,42,72c2797a81a4,False,4339210
attnraw_gold,acoustic_only_k1,0.5894210564863481,1,7,True,True,False,concat,256,0.0001,16,42,72c2797a81a4,False,4339210
attnraw_gold,acoustic_only_k2,0.5907966420624481,4,10,True,True,False,concat,256,0.0001,16,42,72c2797a81a4,False,4339210
attnraw_gold,acoustic_only_k4,0.5968280181356048,2,8,True,True,False,concat,256,0.0001,16,42,72c2797a81a4,False,4339210
attnraw_gold,both_full,0.606959033813802,6,12,True,True,True,concat,256,0.0001,16,42,72c2797a81a4,False,6309386
attnraw_gold,both_k0,0.5910386891742427,2,8,True,True,True,concat,256,0.0001,16,42,72c2797a81a4,False,6309386
attnraw_gold,both_k1,0.5925077881718148,1,7,True,True,True,concat,256,0.0001,16,42,72c2797a81a4,False,6309386
attnraw_gold,both_k2,0.6022934424130701,1,7,True,True,True,concat,256,0.0001,16,42,72c2797a81a4,False,6309386
attnraw_gold,both_k4,0.6036981787627038,2,8,True,True,True,concat,256,0.0001,16,42,72c2797a81a4,False,6309386
gold,acoustic_only,0.5971719833911354,12,18,True,True,False,concat,256,0.0001,16,42,72c2797a81a4,False,4339210
gold,acoustic_only_k0,0.5860840499846711,5,11,True,True,False,concat,256,0.0001,16,42,72c2797a81a4,False,4339210
gold,acoustic_only_k1,0.6000321164191347,4,10,True,True,False,concat,256,0.0001,16,42,72c2797a81a4,False,4339210
gold,acoustic_only_k2,0.5977246508334035,4,10,True,True,False,concat,256,0.0001,16,42,72c2797a81a4,False,4339210
gold,acoustic_only_k4,0.5939503933145024,4,10,True,True,False,concat,256,0.0001,16,42,72c2797a81a4,False,4339210
gold,both,0.6017521052538454,10,16,True,True,True,concat,256,0.0001,16,42,72c2797a81a4,False,6309386
gold,both_k0,0.5895020692093615,5,11,True,True,True,concat,256,0.0001,16,42,72c2797a81a4,False,6309386
gold,both_k1,0.597410761265042,4,10,True,True,True,concat,256,0.0001,16,42,72c2797a81a4,False,6309386
gold,both_k2,0.5869975742759105,2,8,True,True,True,concat,256,0.0001,16,42,72c2797a81a4,False,6309386
gold,both_k4,0.5951848727931576,2,8,True,True,True,concat,256,0.0001,16,42,72c2797a81a4,False,6309386
gold,neither,0.5898071047465184,20,26,True,False,False,concat,256,0.0001,16,42,72c2797a81a4,False,1582602
gold,text_only,0.5926736166564051,13,19,True,False,True,concat,256,0.0001,16,42,72c2797a81a4,False,3552778
gold,text_only_k0,0.5812633417239207,5,11,True,False,True,concat,256,0.0001,16,42,72c2797a81a4,False,3552778
gold,text_only_k1,0.5863393076437866,4,10,True,False,True,concat,256,0.0001,16,42,72c2797a81a4,False,3552778
gold,text_only_k2,0.5954532476109302,5,11,True,False,True,concat,256,0.0001,16,42,72c2797a81a4,False,3552778
gold,text_only_k4,0.5950603055569706,5,11,True,False,True,concat,256,0.0001,16,42,72c2797a81a4,False,3552778
