condition,context,best_dev_weighted_f1,test_emotion_weighted_f1,best_epoch,epochs_run,early_stopped,checkpoint_written,filter_enabled,seed,dev_key_hash,trainable_parameters
asr,full,0.4974861813818643,0.49454492939907563,3,9,True,True,False,42,72c2797a81a4,4727818
asr,k0,0.501798920283073,0.4919271446650933,8,14,True,True,False,42,72c2797a81a4,4727818
asr,k1,0.49841238908029833,0.49303763075937984,6,12,True,True,False,42,72c2797a81a4,4727818
asr,k2,0.5044292468028825,0.49253909883191505,5,11,True,True,False,42,72c2797a81a4,4727818
asr,k4,0.5066205489631906,0.49345546633988746,5,11,True,True,False,42,72c2797a81a4,4727818
asr_cleaned,full,0.5054144753393053,0.5074978614506898,9,15,True,True,True,42,72c2797a81a4,4727818
asr_cleaned,k0,0.5002566202854808,0.507294566266028,14,20,True,True,True,42,72c2797a81a4,4727818
asr_cleaned,k1,0.49815539763453826,0.5099582030645607,2,8,True,True,True,42,72c2797a81a4,4727818
asr_cleaned,k2,0.49831106941989195,0.512837995189385,4,10,True,True,True,42,72c2797a81a4,4727818
asr_cleaned,k4,0.5041172440502248,0.5101469423991479,1,7,True,True,True,42,72c2797a81a4,4727818
attn_asr,full,0.533944683944928,0.5138025346802445,3,9,True,True,False,42,72c2797a81a4,3154954
attn_asr,k0,0.5185605831670227,0.5144605785694522,5,11,True,True,False,42,72c2797a81a4,3154954
attn_asr,k1,0.5245802367247299,0.5055464249832754,6,12,True,True,False,42,72c2797a81a4,3154954
attn_asr,k2,0.5276746147636036,0.5140144388507305,6,12,True,True,False,42,72c2797a81a4,3154954
attn_asr,k4,0.5276789877073061,0.5118926921627278,1,7,True,True,False,42,72c2797a81a4,3154954
attn_asr_cleaned,full,0.5283474830020973,0.5242760655362826,3,9,True,True,True,42,72c2797a81a4,3154954
attn_asr_cleaned,k0,0.5254370877993181,0.5334227439140949,1,7,True,True,True,42,72c2797a81a4,3154954
attn_asr_cleaned,k1,0.5298692934996379,0.5259412255976035,1,7,True,True,True,42,72c2797a81a4,3154954
attn_asr_cleaned,k2,0.5268674236525699,0.5326197560594825,3,9,True,True,True,42,72c2797a81a4,3154954
attn_asr_cleaned,k4,0.52417204320717,0.5316939065183993,1,7,True,True,True,42,72c2797a81a4,3154954
attn_gold,full,0.6149146817508195,0.6252109680960302,3,9,True,True,False,42,72c2797a81a4,3154954
attn_gold,k0,0.5951962361327318,0.6258861838041592,1,7,True,True,False,42,72c2797a81a4,3154954
attn_gold,k1,0.5998934948328772,0.6283280380631854,2,8,True,True,False,42,72c2797a81a4,3154954
attn_gold,k2,0.6105343257786657,0.6161558980319704,5,11,True,True,False,42,72c2797a81a4,3154954
attn_gold,k4,0.6116325777205519,0.6181966951975366,5,11,True,True,False,42,72c2797a81a4,3154954
attnraw_asr,full,0.5153039196244975,0.5007839061544919,4,10,True,True,False,42,72c2797a81a4,4727818
attnraw_asr,k0,0.48968065812539735,0.4917919184775675,2,8,True,True,False,42,72c2797a81a4,4727818
attnraw_asr,k1,0.49699928590698556,0.49165263057732406,6,12,True,True,False,42,72c2797a81a4,4727818
attnraw_asr,k2,0.5065713719968137,0.49935609616329274,3,9,True,True,False,42,72c2797a81a4,4727818
attnraw_asr,k4,0.5029247394034236,0.5014945270560227,2,8,True,True,False,42,72c2797a81a4,4727818
attnraw_asr_cleaned,full,0.5075777167407655,0.5120074461964856,5,11,True,True,True,42,72c2797a81a4,4727818
attnraw_asr_cleaned,k0,0.5118224115557729,0.5075134517363419,5,11,True,True,True,42,72c2797a81a4,4727818
attnraw_asr_cleaned,k1,0.5171736212198828,0.5075507649668632,6,12,True,True,True,42,72c2797a81a4,4727818
attnraw_asr_cleaned,k2,0.5131270350630611,0.502215627932355,6,12,True,True,True,42,72c2797a81a4,4727818
attnraw_asr_cleaned,k4,0.518445920049055,0.5095395629921272,6,12,True,True,True,42,72c2797a81a4,4727818
attnraw_gold,full,0.6157127645300803,0.6262933871251642,10,16,True,True,False,42,72c2797a81a4,4727818
attnraw_gold,k0,0.5893661572310799,0.620660053668226,5,11,True,True,False,42,72c2797a81a4,4727818
attnraw_gold,k1,0.594542932353106,0.6205692431927727,2,8,True,True,False,42,72c2797a81a4,4727818
attnraw_gold,k2,0.6054201195273924,0.6249736638880139,2,8,True,True,False,42,72c2797a81a4,4727818
attnraw_gold,k4,0.6108782798035027,0.6263256000577502,4,10,True,True,False,42,72c2797a81a4,4727818
gold,full,0.5930642650214928,0.6219929695490919,3,9,True,True,False,42,72c2797a81a4,4727818
gold,k0,0.5853453097340628,0.6185022971066759,5,11,True,True,False,42,72c2797a81a4,4727818
gold,k1,0.5924672058384431,0.6257738314495181,5,11,True,True,False,42,72c2797a81a4,4727818
gold,k2,0.5954179444235976,0.62025024045981,2,8,True,True,False,42,72c2797a81a4,4727818
gold,k4,0.6109207982427804,0.6179946027186648,16,22,True,True,False,42,72c2797a81a4,4727818
hidden_asr,h1024,0.5069342647875156,0.4952573524926766,7,13,True,True,False,42,72c2797a81a4,25202698
hidden_asr,h128,0.49827845987203967,0.49765578496180457,15,21,True,True,False,42,72c2797a81a4,2232842
hidden_asr,h1536,0.5102624804254257,0.4877101240301203,7,13,True,True,False,42,72c2797a81a4,44095498
hidden_asr,h2048,0.5081281996811616,0.4850706230664334,7,13,True,True,False,42,72c2797a81a4,67182602
hidden_asr,h256,0.4974861813818643,0.49454492939907563,3,9,True,True,False,42,72c2797a81a4,4727818
hidden_asr,h512,0.5007681391222351,0.4951933921972278,7,13,True,True,False,42,72c2797a81a4,10504202
hidden_asr_cleaned,h1024,0.5030689533053325,0.5144875941932571,4,10,True,True,True,42,72c2797a81a4,25202698
hidden_asr_cleaned,h128,0.5016186492063945,0.5098879544303865,11,17,True,True,True,42,72c2797a81a4,2232842
hidden_asr_cleaned,h1536,0.5022716627367837,0.5139674497453515,4,10,True,True,True,42,72c2797a81a4,44095498
hidden_asr_cleaned,h2048,0.5128312863470252,0.4980891309657658,0,6,True,True,True,42,72c2797a81a4,67182602
hidden_asr_cleaned,h256,0.5054144753393053,0.5074978614506898,9,15,True,True,True,42,72c2797a81a4,4727818
hidden_asr_cleaned,h512,0.502869071705245,0.5105468666817259,6,12,True,True,True,42,72c2797a81a4,10504202
hidden_gold,h1024,0.5940441102396277,0.6221327021548808,8,14,True,True,False,42,72c2797a81a4,25202698
hidden_gold,h128,0.5843538928240906,0.6161445688214042,3,9,True,True,False,42,72c2797a81a4,2232842
hidden_gold,h1536,0.5939608609124752,0.6271021318375013,4,10,True,True,False,42,72c2797a81a4,44095498
hidden_gold,h2048,0.5995606637486354,0.6266525711791296,4,10,True,True,False,42,72c2797a81a4,67182602
hidden_gold,h256,0.5930642650214928,0.6219929695490919,3,9,True,True,False,42,72c2797a81a4,4727818
hidden_gold,h512,0.5966411762564229,0.6234109631473247,10,16,True,True,False,42,72c2797a81a4,10504202
stacked_asr,full,0.5111302038045884,0.508874762804087,3,9,True,True,False,42,72c2797a81a4,1582090
stacked_asr,k0,0.5121796279216947,0.5060612769997087,13,19,True,True,False,42,72c2797a81a4,1582090
stacked_asr,k1,0.514139953014738,0.5057202113365389,11,17,True,True,False,42,72c2797a81a4,1582090
stacked_asr,k2,0.5170555776183198,0.5010853608966829,6,12,True,True,False,42,72c2797a81a4,1582090
stacked_asr,k4,0.5157145980927983,0.5029526184266395,0,6,True,True,False,42,72c2797a81a4,1582090
stacked_asr_cleaned,full,0.4939159905050358,0.5092513677119089,6,12,True,True,True,42,72c2797a81a4,1582090
stacked_asr_cleaned,k0,0.4962059964833608,0.5030130655955615,0,6,True,True,True,42,72c2797a81a4,1582090
stacked_asr_cleaned,k1,0.4928013016803961,0.5048996041515218,0,6,True,True,True,42,72c2797a81a4,1582090
stacked_asr_cleaned,k2,0.4915943353513343,0.5093739732650016,0,6,True,True,True,42,72c2797a81a4,1582090
stacked_asr_cleaned,k4,0.4931921824409376,0.5073975722618225,1,7,True,True,True,42,72c2797a81a4,1582090
stacked_gold,full,0.5902067866534789,0.6273684069110281,4,10,True,True,False,42,72c2797a81a4,1582090
stacked_gold,k0,0.5876295437698873,0.6197049514640965,2,8,True,True,False,42,72c2797a81a4,1582090
stacked_gold,k1,0.5799128226289466,0.6205547744402508,2,8,True,True,False,42,72c2797a81a4,1582090
stacked_gold,k2,0.583708933488883,0.6230285521599421,2,8,True,True,False,42,72c2797a81a4,1582090
stacked_gold,k4,0.5922385105204017,0.6229826472167961,10,16,True,True,False,42,72c2797a81a4,1582090
stackedcat_asr,full,0.5124816126280555,0.5052522516472961,7,13,True,True,False,42,72c2797a81a4,5776394
stackedcat_asr,k0,0.5047077468755057,0.499960260235221,1,7,True,True,False,42,72c2797a81a4,5776394
stackedcat_asr,k1,0.5048619712792641,0.5032195320474296,5,11,True,True,False,42,72c2797a81a4,5776394
stackedcat_asr,k2,0.5077199227073041,0.4970799457518011,5,11,True,True,False,42,72c2797a81a4,5776394
stackedcat_asr,k4,0.5074619194476107,0.49146851005391173,4,10,True,True,False,42,72c2797a81a4,5776394
stackedcat_asr_cleaned,full,0.5080624572511268,0.5159725486640095,0,6,True,True,True,42,72c2797a81a4,5776394
stackedcat_asr_cleaned,k0,0.49232078578400496,0.503255124063973,0,6,True,True,True,42,72c2797a81a4,5776394
stackedcat_asr_cleaned,k1,0.5026737012219575,0.5052751670941483,0,6,True,True,True,42,72c2797a81a4,5776394
stackedcat_asr_cleaned,k2,0.4934946936042828,0.5088746745547662,1,7,True,True,True,42,72c2797a81a4,5776394
stackedcat_asr_cleaned,k4,0.4998244931718353,0.5046742878020644,1,7,True,True,True,42,72c2797a81a4,5776394
stackedcat_gold,full,0.5987575701121418,0.6273587676368573,3,9,True,True,False,42,72c2797a81a4,5776394
stackedcat_gold,k0,0.5827281095760667,0.6171699184117703,0,6,True,True,False,42,72c2797a81a4,5776394
stackedcat_gold,k1,0.5838647197919916,0.6253122419752644,2,8,True,True,False,42,72c2797a81a4,5776394
stackedcat_gold,k2,0.5946531213551396,0.6265614688325691,1,7,True,True,False,42,72c2797a81a4,5776394
stackedcat_gold,k4,0.5920287721657873,0.6259970003288767,0,6,True,True,False,42,72c2797a81a4,5776394
